{"cameraMode":{"drawMode":0,"name":"Shaded","section":"Shading Mode"},"sceneLighting":true,"audioPlay":false,"sceneViewState":{"m_AlwaysRefresh":false,"showFog":true,"showSkybox":false,"showFlares":true,"showImageEffects":true,"showParticleSystems":false,"showVisualEffectGraphs":true,"m_FxEnabled":true},"in2DMode":false,"pivot":{"x":-1.3889133930206299,"y":-0.5948891639709473,"z":-0.1252150535583496},"rotation":{"x":-0.07967924326658249,"y":0.9100584387779236,"z":-0.20715023577213288,"w":-0.35004907846450808},"size":3.8834502696990969,"orthographic":false}