{"cameraMode":{"drawMode":0,"name":"Shaded","section":"Shading Mode"},"sceneLighting":true,"audioPlay":false,"sceneViewState":{"m_AlwaysRefresh":false,"showFog":true,"showSkybox":false,"showFlares":true,"showImageEffects":true,"showParticleSystems":false,"showVisualEffectGraphs":true,"m_FxEnabled":true},"in2DMode":false,"pivot":{"x":0.07439160346984863,"y":0.5224618911743164,"z":0.13315248489379884},"rotation":{"x":-0.06221216544508934,"y":0.9183720350265503,"z":-0.16030235588550569,"w":-0.35641297698020937},"size":1.207395076751709,"orthographic":false}