{"cameraMode":{"drawMode":0,"name":"Shaded","section":"Shading Mode"},"sceneLighting":true,"audioPlay":false,"sceneViewState":{"m_AlwaysRefresh":false,"showFog":true,"showSkybox":true,"showFlares":true,"showImageEffects":true,"showParticleSystems":false,"showVisualEffectGraphs":true,"m_FxEnabled":true},"in2DMode":false,"pivot":{"x":-0.5931453704833984,"y":2.9262123107910158,"z":-3.0681819915771486},"rotation":{"x":-0.059621475636959079,"y":0.9388725757598877,"z":-0.21074841916561128,"w":-0.26561036705970766},"size":11.621500968933106,"orthographic":false}